Наименование товара,Цена
Миниатюра изображения товара Костыли локтевые Аверсус 26 (2шт),Не удалось найти цену
Миниатюра изображения товара Костыли локтевые Аверсус 26 (2шт),Не удалось найти цену
Изображение товара Костыли локтевые Аверсус 26 (2шт),Не удалось найти цену
Изображение товара Костыли локтевые Аверсус 26 (2шт),Не удалось найти цену
Костыли локтевые Аверсус 26УТ (2шт),Не удалось найти цену
Костыли локтевые Аверсус 26Т,Не удалось найти цену
Костыли локтевые Аверсус 26У (2шт),Не удалось найти цену
Костыль локтевой Аверсус 26УТ,Не удалось найти цену
Костыли подмышечные Аверсус 16(540),Не удалось найти цену
Костыль локтевой Аверсус 24УТ,Не удалось найти цену
Костыль локтевой Antar Opti-Comfort,Не удалось найти цену
Костыли подмышечные Аверсус 743 Деревянные,Не удалось найти цену
Костыль локтевой Antar Ergodynamic,Не удалось найти цену
Трость опорная Аверсус 22У регулируемая по высоте,Не удалось найти цену
Костыли подмышечные Аверсус 16(753),Не удалось найти цену
Костыль локтевой Аверсус 25УТ,Не удалось найти цену
Трость опорная Аверсус 22УТ Дерево Металлическая (алюминивый сплав),Не удалось найти цену
Костыль локтевой Antar ErgoTech,Не удалось найти цену
Трость опорная Аверсус 527 Металлическая,Не удалось найти цену
Трость опорная Аверсус 22 Металлическая (алюминивый сплав),Не удалось найти цену
Костыль локтевой Аверсус 24У,Не удалось найти цену
Ходунки опорные Antar AT 51006 (AT 02009),Не удалось найти цену
Кресло-туалет Antar АТ51026,Не удалось найти цену
Трость опорная Bradex Опора Комфорт KZ 0442,Не удалось найти цену
Костыли подмышечные Аверсус 749 (2шт),Не удалось найти цену
Трость опорная Bradex Опора KZ 0087,Не удалось найти цену
Костыль локтевой Аверсус 25У,Не удалось найти цену
Трость опорная Antar Soft Step,Не удалось найти цену
Кресло санитарное Heiler ВА819,Не удалось найти цену
Трость опорная Antar AT 51107 (трехупорная),Не удалось найти цену
Трость 4-х опорная Аверсус 22У/4 Металлическая  (алюминивый сплав),Не удалось найти цену
Костыль локтевой Аверсус 24,Не удалось найти цену
Трость опорная Antar AT 51103 ,Не удалось найти цену
Ходунки опорные Antar AT 02006,Не удалось найти цену
